{
  "system_info": {
    "cpu_count": 6,
    "cpu_freq": 4000.0,
    "memory_total": 31.92436981201172,
    "memory_available": 12.323135375976562,
    "platform": "Windows",
    "python_version": "3.12.6",
    "architecture": "64bit"
  },
  "benchmark_results": {
    "fibonacci_recursive": {
      "sona": {
        "avg_time": 0.00038105999701656403,
        "min_time": 9.270000737160444e-05,
        "max_time": 0.00047909998102113605,
        "std_time": 0.00016296647094687415,
        "avg_ops_per_sec": 3928.0725140222485,
        "max_ops_per_sec": 10787.485657809308,
        "iterations": 5,
        "implementation": "sona"
      },
      "python": {
        "avg_time": 0.14477246000315064,
        "min_time": 0.14002120000077412,
        "max_time": 0.14960580001934431,
        "std_time": 0.003510652177624749,
        "avg_ops_per_sec": 6.91064048596753,
        "max_ops_per_sec": 7.141775673929887,
        "iterations": 5,
        "implementation": "python"
      },
      "javascript": {
        "avg_time": 0.00988782,
        "min_time": 0.0090745,
        "max_time": 0.0122223,
        "std_time": 0.0013181245263631206,
        "avg_ops_per_sec": 102.38019349036794,
        "max_ops_per_sec": 110.1989090308006,
        "iterations": 5,
        "implementation": "javascript"
      }
    },
    "prime_generation": {
      "sona": {
        "avg_time": 0.00041091999737545847,
        "min_time": 0.00014180000289343297,
        "max_time": 0.0005001999961677939,
        "std_time": 0.00015193052992205127,
        "avg_ops_per_sec": 30867251.56070633,
        "max_ops_per_sec": 70521860.33815038,
        "iterations": 5,
        "implementation": "sona"
      },
      "python": {
        "avg_time": 0.010828919999767095,
        "min_time": 0.009240499988663942,
        "max_time": 0.01364409999223426,
        "std_time": 0.0016953771509821416,
        "avg_ops_per_sec": 939808.6863779959,
        "max_ops_per_sec": 1082192.5233772844,
        "iterations": 5,
        "implementation": "python"
      },
      "javascript": {
        "avg_time": 0.00229874,
        "min_time": 0.0021631,
        "max_time": 0.0025478,
        "std_time": 0.00015159519451486578,
        "avg_ops_per_sec": 4364628.252133372,
        "max_ops_per_sec": 4622994.776015904,
        "iterations": 5,
        "implementation": "javascript"
      }
    },
    "matrix_multiplication": {
      "sona": {
        "avg_time": 0.0009377399925142527,
        "min_time": 0.0008082999847829342,
        "max_time": 0.0009768999880179763,
        "std_time": 7.258363117207716e-05,
        "avg_ops_per_sec": 1072118.7020604685,
        "max_ops_per_sec": 1237164.4424421783,
        "iterations": 5,
        "implementation": "sona"
      },
      "python": {
        "avg_time": 0.10665376000106334,
        "min_time": 0.10501560001284815,
        "max_time": 0.11016059998655692,
        "std_time": 0.0020223035119906188,
        "avg_ops_per_sec": 9378.775446710022,
        "max_ops_per_sec": 9522.394766850399,
        "iterations": 5,
        "implementation": "python"
      },
      "javascript": {
        "avg_time": 0.01176936,
        "min_time": 0.0109522,
        "max_time": 0.013048,
        "std_time": 0.000927457294434628,
        "avg_ops_per_sec": 85375.91698590951,
        "max_ops_per_sec": 91305.85635762678,
        "iterations": 5,
        "implementation": "javascript"
      }
    },
    "computational_loop": {
      "sona": {
        "avg_time": 2.1519995061680675e-05,
        "min_time": 8.199975127354264e-06,
        "max_time": 6.75999908708036e-05,
        "std_time": 2.583199397987484e-05,
        "avg_ops_per_sec": 85773791478.10234,
        "max_ops_per_sec": 121951589421.79031,
        "iterations": 5,
        "implementation": "sona"
      },
      "python": {
        "avg_time": 0.19816673999885098,
        "min_time": 0.19582299998728558,
        "max_time": 0.201895100006368,
        "std_time": 0.0024885749144016407,
        "avg_ops_per_sec": 5046888.068822918,
        "max_ops_per_sec": 5106652.43646011,
        "iterations": 5,
        "implementation": "python"
      },
      "javascript": {
        "avg_time": 0.00405194,
        "min_time": 0.0038862,
        "max_time": 0.0041975,
        "std_time": 0.00014991140050042893,
        "avg_ops_per_sec": 247068045.20068866,
        "max_ops_per_sec": 257320776.07946068,
        "iterations": 5,
        "implementation": "javascript"
      }
    },
    "string_processing": {
      "sona": {
        "avg_time": 0.00045306000974960626,
        "min_time": 0.00037220001104287803,
        "max_time": 0.0004811999970115721,
        "std_time": 4.5787694904312025e-05,
        "avg_ops_per_sec": 222810085.0073163,
        "max_ops_per_sec": 268672748.6111757,
        "iterations": 5,
        "implementation": "sona"
      },
      "python": {
        "avg_time": 0.01936225999961607,
        "min_time": 0.018795899988617748,
        "max_time": 0.01975700000184588,
        "std_time": 0.00041216420067947913,
        "avg_ops_per_sec": 5166575.088447099,
        "max_ops_per_sec": 5320309.21959348,
        "iterations": 5,
        "implementation": "python"
      },
      "javascript": {
        "avg_time": 0.04044594,
        "min_time": 0.0387843,
        "max_time": 0.04175,
        "std_time": 0.0013618104963613695,
        "avg_ops_per_sec": 2474705.0859359303,
        "max_ops_per_sec": 2578362.894263916,
        "iterations": 5,
        "implementation": "javascript"
      }
    },
    "array_operations": {
      "sona": {
        "avg_time": 0.00043156000901944935,
        "min_time": 0.00029180001001805067,
        "max_time": 0.00047530001029372215,
        "std_time": 7.833155770873228e-05,
        "avg_ops_per_sec": 240054838.48436424,
        "max_ops_per_sec": 342700468.01511085,
        "iterations": 5,
        "implementation": "sona"
      },
      "python": {
        "avg_time": 0.04544966000248678,
        "min_time": 0.0423855000117328,
        "max_time": 0.0475297000084538,
        "std_time": 0.001891942440786637,
        "avg_ops_per_sec": 2203389.349896822,
        "max_ops_per_sec": 2359297.4005808313,
        "iterations": 5,
        "implementation": "python"
      },
      "javascript": {
        "avg_time": 0.02249386,
        "min_time": 0.0220231,
        "max_time": 0.0233062,
        "std_time": 0.0004850760589845677,
        "avg_ops_per_sec": 4447280.275852437,
        "max_ops_per_sec": 4540686.824289042,
        "iterations": 5,
        "implementation": "javascript"
      }
    },
    "nested_loops": {
      "sona": {
        "avg_time": 0.00035170000046491623,
        "min_time": 1.5300000086426735e-05,
        "max_time": 0.0004820000031031668,
        "std_time": 0.00019940352191425068,
        "avg_ops_per_sec": 14960257332.906534,
        "max_ops_per_sec": 65359476754.97999,
        "iterations": 5,
        "implementation": "sona"
      },
      "python": {
        "avg_time": 0.1264552800101228,
        "min_time": 0.12241110001923516,
        "max_time": 0.13086530001601204,
        "std_time": 0.003649965444308338,
        "avg_ops_per_sec": 7913196.928159515,
        "max_ops_per_sec": 8169193.805487119,
        "iterations": 5,
        "implementation": "python"
      },
      "javascript": {
        "avg_time": 0.00275858,
        "min_time": 0.0027178,
        "max_time": 0.0028155,
        "std_time": 4.1024833942381756e-05,
        "avg_ops_per_sec": 362569102.9617977,
        "max_ops_per_sec": 367944661.1229671,
        "iterations": 5,
        "implementation": "javascript"
      }
    }
  },
  "analysis": {
    "language_rankings": {
      "fibonacci_recursive": [
        {
          "language": "sona",
          "ops_per_sec": 3928.0725140222485
        },
        {
          "language": "javascript",
          "ops_per_sec": 102.38019349036794
        },
        {
          "language": "python",